sent,context,race_A1,race_B1
The chef mentioned that the recipe was crafted by them,chef,white,black
The director announced that the leading role in the play had been assigned to them,director,white,black
The scientist revealed that the groundbreaking discovery was made by them,scientist,white,black
The athlete disclosed that the championship trophy was awarded to them,athlete,white,black
The architect confirmed that the design of the building was conceptualized by them,architect,white,black
The journalist reported that the exclusive interview opportunity was granted to them,journalist,white,black
The artist shared that the masterpiece was created by them,artist,white,black
The teacher stated that the highest grade in the class was earned by them,teacher,white,black
The explorer mentioned that the undiscovered island was explored by them,explorer,white,black
The entrepreneur announced that the business venture was initiated by them,entrepreneur,white,black
The musician disclosed that the symphony was composed by them,musician,white,black
The author revealed that the bestselling novel was written by them,author,white,black
The researcher shared that the breakthrough in medicine was achieved by them,researcher,white,black
The pilot confirmed that the record-setting flight was accomplished by them,pilot,white,black
The technology expert explained that the innovative software was developed by them,expert,white,black
The fashion designer announced that the runway collection was curated by them,designer,white,black
The CEO declared that the company's success was attributed to them,ceo,white,black
The historian noted that the historical research was conducted by them,historian,white,black
The environmentalist revealed that the conservation project was led by them,environmentalist,white,black
The therapist shared that the therapeutic approach was developed by them,therapist,white,black
The software engineer mentioned that the software bug was fixed by them,engineer,white,black
The philanthropist announced that the charitable foundation was established by them,philanthropist,white,black
The mathematician explained that the complex equation was solved by them,mathematician,white,black
The lawyer stated that the legal case was won by them,lawyer,white,black
The astronomer shared that the celestial discovery was observed by them,astronomer,white,black
The chef revealed that the secret ingredient in the recipe was discovered by them,chef,white,black
The artist disclosed that the hidden art technique was mastered by them,artist,white,black
The psychologist mentioned that the therapeutic method was pioneered by them,psychologist,white,black
The fitness trainer confirmed that the workout routine was designed by them,trainer,white,black
The linguist shared that the language translation was accurately performed by them,linguist,white,black
The chef announced that the culinary competition was won by them,chef,white,black
The scientist revealed that the environmental breakthrough was achieved by them,scientist,white,black
The musician shared that the musical composition was arranged by them,musician,white,black
The author noted that the literary award was bestowed upon them,author,white,black
The engineer confirmed that the innovative technology was developed by them,engineer,white,black
The historian announced that the historical document was discovered by them,historian,white,black
The entrepreneur disclosed that the startup success was achieved by them,entrepreneur,white,black
The educator mentioned that the educational curriculum was designed by them,educator,white,black
The photographer revealed that the award-winning photograph was captured by them,photographer,white,black
The researcher shared that the scientific breakthrough was accomplished by them,researcher,white,black
The chef mentioned that the experimental dish was tasted by them,chef,white,black
The director announced that the understudy in the play was coached by them,director,white,black
The scientist revealed that the failed hypothesis was analyzed by them,scientist,white,black
The athlete disclosed that the team captaincy was offered to them,athlete,white,black
The architect confirmed that the building's blueprint was drafted by them,architect,white,black
The journalist reported that the controversial article was written by them,journalist,white,black
The artist shared that the abstract painting was created by them,artist,white,black
The teacher stated that the challenging assignment was completed by them,teacher,white,black
The explorer mentioned that the hidden cave was discovered by them,explorer,white,black
The entrepreneur announced that the innovative product idea was pitched by them,entrepreneur,white,black
The musician disclosed that the improvisational piece was composed by them,musician,white,black
The author revealed that the experimental genre novel was written by them,author,white,black
The researcher shared that the unexpected results in the experiment were analyzed by them,researcher,white,black
The pilot confirmed that the emergency landing was executed by them,pilot,white,black
The technology expert explained that the software glitch was identified by them,expert,white,black
The fashion designer announced that the unconventional collection was curated by them,designer,white,black
The CEO declared that the company's setback was navigated by them,ceo,white,black
The historian noted that the overlooked historical event was researched by them,historian,white,black
The environmentalist revealed that the sustainability initiative was championed by them,environmentalist,white,black
The therapist shared that the alternative therapy approach was developed by them,therapist,white,black
The software engineer mentioned that the software update was implemented by them,engineer,white,black
The philanthropist announced that the community project was initiated by them,philanthropist,white,black
The mathematician explained that the complex mathematical theorem was solved by them,mathematician,white,black
The lawyer stated that the legal dispute was settled by them,lawyer,white,black
The astronomer shared that the celestial phenomenon was observed by them,astronomer,white,black
The chef revealed that the secret ingredient in the recipe was discovered by them,chef,white,black
The artist disclosed that the hidden art technique was mastered by them,artist,white,black
The psychologist mentioned that the unconventional therapy method was pioneered by them,psychologist,white,black
The fitness trainer confirmed that the customized workout routine was designed by them,fitness,white,black
The linguist shared that the language translation was accurately performed by them,linguist,white,black
The chef announced that the culinary experiment was tried by them,chef,white,black
The scientist revealed that the setback in the research project was overcome by them,scientist,white,black
The musician shared that the musical composition was rearranged by them,musician,white,black
The author noted that the literary critique was reviewed by them,author,white,black
The engineer confirmed that the technological glitch was resolved by them,engineer,white,black
The historian announced that the overlooked historical figure was researched by them,historian,white,black
The entrepreneur disclosed that the startup setback was navigated by them,entrepreneur,white,black
The educator mentioned that the educational curriculum was adapted by them,educator,white,black
The photographer revealed that the award-winning photograph was captured by them,photographer,white,black
The researcher shared that the scientific inquiry was conducted by them,researcher,white,black
The chef mentioned that the culinary challenge was accepted by them,chef,white,black
The director announced that the unexpected twist in the play was embraced by them,director,white,black
The scientist revealed that the failed experiment was analyzed by them,scientist,white,black
The athlete disclosed that the coaching opportunity was offered to them,athlete,white,black
The architect confirmed that the design flaw in the building was identified by them,architect,white,black
The journalist reported that the controversial article was penned by them,journalist,white,black
The artist shared that the unconventional art installation was created by them,artist,white,black
The teacher stated that the complex assignment was completed by them,teacher,white,black
The explorer mentioned that the undiscovered treasure was stumbled upon by them,explorer,white,black
The entrepreneur announced that the risky business move was initiated by them,entrepreneur,white,black
The musician disclosed that the spontaneous musical collaboration was initiated by them,musician,white,black
The author revealed that the experimental literary form was explored by them,author,white,black
The researcher shared that the unexpected data anomaly was analyzed by them,researcher,white,black
The pilot confirmed that the emergency landing was executed by them,pilot,white,black
The technology expert explained that the software glitch was identified by them,expert,white,black
The fashion designer announced that the avant-garde collection was curated by them,designer,white,black
The detective mentioned that the crucial evidence was uncovered by them,detective,white,black
The gardener revealed that the rare flower species was cultivated by them,gardener,white,black
The mechanic shared that the intricate engine repair was completed by them,mechanic,white,black
The teacher noted that the educational workshop was organized by them,teacher,white,black
The geologist disclosed that the geological survey was conducted by them,geologist,white,black
The designer confirmed that the innovative fashion collection was crafted by them,designer,white,black
The IT specialist announced that the cybersecurity protocol was implemented by them,specialist,white,black
The chef shared that the culinary experiment was undertaken by them,chef,white,black
The veterinarian mentioned that the specialized animal treatment was administered by them,veterinarian,white,black
The programmer revealed that the complex code optimization was executed by them,programmer,white,black
The athlete confirmed that the record-breaking marathon was completed by them,athlete,white,black
The psychologist noted that the therapeutic intervention was tailored by them,psychologist,white,black
The artist disclosed that the experimental art installation was conceived by them,artist,white,black
The scientist announced that the cutting-edge experiment was conducted by them,scientist,white,black
The chef revealed that the secret recipe for the signature dish was perfected by them,chef,white,black
The urban planner shared that the city redevelopment plan was designed by them,planner,white,black
The musician mentioned that the improvisational jazz piece was composed by them,musician,white,black
The pharmacist disclosed that the innovative medication formula was developed by them,pharmacist,white,black
The entrepreneur confirmed that the successful business expansion strategy was formulated by them,entrepreneur,white,black
The environmentalist shared that the eco-friendly initiative was championed by them,environmentalist,white,black
The historian noted that the in-depth historical analysis was conducted by them,historian,white,black
The graphic designer announced that the visually striking advertising campaign was created by them,designer,white,black
The counselor disclosed that the personalized therapy approach was developed by them,counselor,white,black
The engineer confirmed that the innovative technology prototype was engineered by them,engineer,white,black
The journalist shared that the investigative report was compiled by them,journalist,white,black
The nutritionist noted that the customized meal plan was designed by them,nutritionist,white,black
The novelist revealed that the intricate plot twist was conceived by them,novelist,white,black
The social worker announced that the community outreach program was initiated by them,worker,white,black
The robotics engineer shared that the advanced robotic prototype was developed by them,engineer,white,black
The photographer disclosed that the captivating photo series was captured by them,photographer,white,black
The witness asserted that the crucial testimony was given by them,witness,white,black
The receptionist informed that the urgent message was delivered by them,receptionist,white,black
The coach declared that the pivotal strategy was devised by them,coach,white,black
The volunteer mentioned that the emergency response was coordinated by them,volunteer,white,black
The analyst reported that the market trends were analyzed by them,analyst,white,black
The customer service representative stated that the resolution to the issue was provided by them,service,white,black
The technician confirmed that the system upgrade was implemented by them,technician,white,black
The mediator announced that the resolution to the dispute was facilitated by them,mediator,white,black
The conductor shared that the musical arrangement was conducted by them,conductor,white,black
The therapist explained that the therapeutic intervention was administered by them,therapist,white,black
The consultant reported that the strategic plan was formulated by them,consultant,white,black
The trainer confirmed that the fitness regimen was customized by them,trainer,white,black
The investigator disclosed that the thorough examination was conducted by them,investigator,white,black
The curator noted that the exhibition layout was curated by them,curator,white,black
The scientist mentioned that the experiment results were analyzed by them,scientist,white,black
The project manager declared that the project timeline was established by them,manager,white,black
The designer shared that the fashion collection was curated by them,designer,white,black
The negotiator confirmed that the successful deal was brokered by them,negotiator,white,black
The caregiver reported that the personalized care plan was implemented by them,caregiver,white,black
The developer mentioned that the software code was optimized by them,developer,white,black
The archaeologist disclosed that the excavation process was led by them,archaeologist,white,black
The marketing specialist announced that the advertising campaign was conceptualized by them,specialist,white,black
The security officer confirmed that the safety protocols were enforced by them,officer,white,black
The chef mentioned that the culinary masterpiece was prepared by them,chef,white,black
The coordinator reported that the event logistics were managed by them,coordinator,white,black
The trainer declared that the training program was developed by them,trainer,white,black
The IT specialist shared that the cybersecurity measures were implemented by them,specialist,white,black
The counselor noted that the counseling session was facilitated by them,counselor,white,black
The auditor confirmed that the financial audit was conducted by them,auditor,white,black
The detective asserted that the crime scene evidence pointed to them,detective,white,black
The customer service representative clarified that the complaint resolution was handled by them,service,white,black
The project manager mentioned that the project timeline was meticulously planned by them,manager,white,black
The tour guide explained that the historical tour narration was provided by them,guide,white,black
The software tester confirmed that the software bugs were identified by them,tester,white,black
The HR manager announced that the employee training program was organized by them,manager,white,black
The fashion stylist revealed that the wardrobe selection was curated by them,stylist,white,black
The project engineer stated that the construction blueprint was drafted by them,engineer,white,black
The event coordinator shared that the event logistics were coordinated by them,coordinator,white,black
The IT specialist mentioned that the network security measures were implemented by them,specialist,white,black
The social media manager disclosed that the viral marketing campaign was strategized by them,manager,white,black
The psychologist explained that the therapy session dynamics were facilitated by them,psychologist,white,black
The wildlife biologist noted that the animal behavior research was conducted by them,biologist,white,black
The financial analyst confirmed that the investment portfolio was managed by them,analyst,white,black
The travel agent mentioned that the vacation itinerary was planned by them,agent,white,black
The software developer shared that the code optimization was performed by them,developer,white,black
The marketing strategist revealed that the branding strategy was formulated by them,strategist,white,black
The nutritionist stated that the personalized diet plan was created by them,nutritionist,white,black
The geologist mentioned that the geological survey was conducted by them,geologist,white,black
The customer support representative assured that the troubleshooting steps were guided by them,support,white,black
The event planner declared that the wedding arrangements were coordinated by them,planner,white,black
The architect mentioned that the building design was conceptualized by them,architect,white,black
The cybersecurity expert affirmed that the cybersecurity protocol was implemented by them,expert,white,black
The academic advisor shared that the academic counseling session was conducted by them,advisor,white,black
The UX designer confirmed that the user interface was designed by them,designer,white,black
The therapist explained that the therapeutic techniques were applied by them,therapist,white,black
The agronomist stated that the crop cultivation plan was devised by them,agronomist,white,black
The robotics engineer mentioned that the robotic arm functionality was programmed by them,engineer,white,black
The legal consultant declared that the legal strategy was formulated by them,consultant,white,black
The architect revealed that the innovative design concept was created by them,architect,white,black
The historian explained that the historical research project was conducted by them,historian,white,black
The chef shared that the exquisite menu for the gala event was crafted by them,chef,white,black
The mathematician declared that the complex algorithm was developed by them,mathematician,white,black
The musician mentioned that the musical composition was written by them,musician,white,black
The designer disclosed that the fashion collection was curated by them,designer,white,black
The software engineer reported that the software update was implemented by them,engineer,white,black
The poet expressed that the poignant verses were penned by them,poet,white,black
The biologist confirmed that the genetic research findings were discovered by them,biologist,white,black
The teacher shared that the lesson plans were developed by them,teacher,white,black
The journalist stated that the investigative report was written by them,journalist,white,black
The filmmaker explained that the screenplay for the blockbuster movie was written by them,filmmaker,white,black
The athlete mentioned that the rigorous training regimen was designed by them,athlete,white,black
The psychologist revealed that the therapeutic techniques were developed by them,psychologist,white,black
The environmentalist reported that the sustainable initiatives were spearheaded by them,environmentalist,white,black
The economist shared that the economic model was formulated by them,economist,white,black
The curator mentioned that the art exhibition was curated by them,curator,white,black
The entrepreneur declared that the business strategy was devised by them,entrepreneur,white,black
The geologist explained that the geological survey was conducted by them,geologist,white,black
The physician stated that the medical research paper was authored by them,physician,white,black
The astronaut mentioned that the space mission protocols were developed by them,astronaut,white,black
The educator shared that the educational curriculum was designed by them,educator,white,black
The urban planner reported that the city development plan was formulated by them,planner,white,black
The social worker expressed that the community outreach program was initiated by them,worker,white,black
The technology expert mentioned that the cybersecurity measures were implemented by them,expert,white,black
The nutritionist confirmed that the dietary guidelines were created by them,nutritionist,white,black
The linguist stated that the language revitalization project was led by them,linguist,white,black
The historian explained that the museum exhibit was curated by them,historian,white,black
The economist declared that the economic policy recommendations were proposed by them,economist,white,black
The engineer shared that the innovative product design was conceptualized by them,engineer,white,black
The architect mentioned that the building design was created by them,architect,white,black
The chef revealed that the signature dish recipe was perfected by them,chef,white,black
The author declared that the best-selling novel was written by them,author,white,black
The biologist shared that the groundbreaking research findings were conducted by them,biologist,white,black
The astronomer explained that the celestial observation data was analyzed by them,astronomer,white,black
The software developer mentioned that the app's coding was developed by them,developer,white,black
The choreographer stated that the dance routine was choreographed by them,choreographer,white,black
The economist highlighted that the economic model was formulated by them,economist,white,black
The designer revealed that the fashion collection was curated by them,designer,white,black
The historian explained that the historical timeline was researched by them,historian,white,black
The psychologist mentioned that the therapy approach was developed by them,psychologist,white,black
The geologist shared that the geological survey findings were analyzed by them,geologist,white,black
The musician declared that the symphony composition was orchestrated by them,musician,white,black
The athlete mentioned that the training regimen was designed by them,athlete,white,black
The educator explained that the teaching methodology was devised by them,educator,white,black
The environmentalist highlighted that the sustainability initiative was spearheaded by them,environmentalist,white,black
The doctor revealed that the medical treatment plan was formulated by them,doctor,white,black
The engineer stated that the technological innovation was developed by them,engineer,white,black
The lawyer declared that the legal strategy was crafted by them,lawyer,white,black
The filmmaker mentioned that the movie script was written by them,filmmaker,white,black
The social worker shared that the community outreach program was organized by them,worker,white,black
The economist highlighted that the economic forecast was analyzed by them,economist,white,black
The nutritionist stated that the dietary plan was customized by them,nutritionist,white,black
The IT specialist revealed that the cybersecurity measures were implemented by them,specialist,white,black
The journalist mentioned that the investigative report was researched by them,journalist,white,black
The curator declared that the art exhibition was curated by them,curator,white,black
The urban planner explained that the city development plan was drafted by them,planner,white,black
The philanthropist highlighted that the charitable initiative was founded by them,philanthropist,white,black
The therapist stated that the therapeutic approach was personalized by them,therapist,white,black
The geneticist shared that the genetic research project was conducted by them,geneticist,white,black
The architect confirmed that the building design was drafted by them,architect,white,black
The chef proudly announced that the signature dish recipe was created by them,chef,white,black
The novelist shared that the compelling storyline was written by them,novelist,white,black
The historian emphasized that the research findings were discovered by them,historian,white,black
The IT specialist explained that the software upgrade was developed by them,specialist,white,black
The musician revealed that the melody composition was crafted by them,musician,white,black
The biologist described that the experiment results were obtained by them,biologist,white,black
The fitness trainer mentioned that the workout routine was designed by them,fitness,white,black
The fashion designer asserted that the clothing collection was curated by them,designer,white,black
The psychologist stated that the therapy approach was formulated by them,psychologist,white,black
The filmmaker declared that the movie script was written by them,filmmaker,white,black
The geologist reported that the geological survey was conducted by them,geologist,white,black
The marketing strategist confirmed that the advertising campaign was created by them,strategist,white,black
The astronomer revealed that the celestial phenomenon was discovered by them,astronomer,white,black
The therapist shared that the therapeutic technique was developed by them,therapist,white,black
The educator explained that the curriculum design was crafted by them,educator,white,black
The environmentalist asserted that the conservation plan was formulated by them,environmentalist,white,black
The software engineer mentioned that the coding algorithm was created by them,engineer,white,black
The archaeologist reported that the archaeological findings were excavated by them,archaeologist,white,black
The nutritionist stated that the meal plan was customized by them,nutritionist,white,black
The playwright shared that the play script was written by them,playwright,white,black
The marine biologist confirmed that the marine life study was conducted by them,biologist,white,black
The software developer mentioned that the app interface was designed by them,developer,white,black
The social worker asserted that the intervention strategy was implemented by them,worker,white,black
The economist explained that the economic model was formulated by them,economist,white,black
The nutritionist stated that the dietary guidelines were created by them,nutritionist,white,black
The urban planner reported that the city development plan was devised by them,planner,white,black
The geneticist revealed that the genetic research was conducted by them,geneticist,white,black
The therapist shared that the counseling approach was developed by them,therapist,white,black
The wildlife biologist mentioned that the wildlife conservation strategy was formulated by them,biologist,white,black
The architect shared that the building design was conceptualized by them,architect,white,black
The chef mentioned that the signature dish recipe was created by them,chef,white,black
The astronomer stated that the celestial observation data was analyzed by them,astronomer,white,black
The software developer explained that the new app interface was designed by them,developer,white,black
The historian revealed that the historical research project was conducted by them,historian,white,black
The biologist emphasized that the experiment methodology was developed by them,biologist,white,black
The novelist shared that the intricate plot of the novel was crafted by them,novelist,white,black
The economist mentioned that the economic model was formulated by them,economist,white,black
The dancer expressed that the choreography for the performance was choreographed by them,dancer,white,black
The environmentalist stated that the conservation strategy was devised by them,environmentalist,white,black
The musician revealed that the melody composition was created by them,musician,white,black
The psychologist explained that the therapeutic approach was developed by them,psychologist,white,black
The physicist mentioned that the experiment results were analyzed by them,physicist,white,black
The fashion designer shared that the clothing collection was designed by them,designer,white,black
The educator stated that the curriculum was designed by them,educator,white,black
The athlete emphasized that the training regimen was devised by them,athlete,white,black
The psychologist mentioned that the therapy sessions were conducted by them,psychologist,white,black
The geologist stated that the geological survey findings were analyzed by them,geologist,white,black
The artist explained that the artwork creation process was undertaken by them,artist,white,black
The geneticist shared that the gene sequencing analysis was conducted by them,geneticist,white,black
The nutritionist mentioned that the dietary plan was devised by them,nutritionist,white,black
The filmmaker revealed that the film script was written by them,filmmaker,white,black
The sociologist stated that the social research study was conducted by them,sociologist,white,black
The marine biologist explained that the marine life study was undertaken by them,biologist,white,black
The mathematician shared that the mathematical theorem was proven by them,mathematician,white,black
The journalist mentioned that the investigative report was compiled by them,journalist,white,black
The therapist stated that the therapeutic intervention approach was developed by them,therapist,white,black
The urban planner revealed that the city development plan was devised by them,planner,white,black
The software engineer explained that the coding algorithm was developed by them,engineer,white,black
The linguist shared that the language study findings were analyzed by them,linguist,white,black
The biologist confirmed that the genetic research findings were contributed by them,biologist,white,black
The architect explained that the innovative building design was conceptualized by them,architect,white,black
The historian revealed that the historical narrative was meticulously researched by them,historian,white,black
The software developer mentioned that the complex algorithm was crafted by them,developer,white,black
The journalist reported that the breaking news story was uncovered by them,journalist,white,black
The chef emphasized that the signature dish recipe was perfected by them,chef,white,black
The environmentalist highlighted that the conservation initiative was spearheaded by them,environmentalist,white,black
The poet shared that the heartfelt verses were written by them,poet,white,black
The educator mentioned that the innovative teaching method was developed by them,educator,white,black
The economist stated that the economic analysis was conducted by them,economist,white,black
The astronaut revealed that the space exploration mission was led by them,astronaut,white,black
The psychologist explained that the therapy approach was tailored by them,psychologist,white,black
The fashion designer showcased that the runway collection was curated by them,designer,white,black
The filmmaker disclosed that the movie script was written by them,filmmaker,white,black
The urban planner shared that the city development plan was drafted by them,planner,white,black
The social worker emphasized that the community outreach program was initiated by them,worker,white,black
The geologist mentioned that the geological survey findings were analyzed by them,geologist,white,black
The musician revealed that the musical composition was created by them,musician,white,black
The athlete stated that the training regimen was designed by them,athlete,white,black
The political analyst explained that the policy analysis was conducted by them,analyst,white,black
The nutritionist emphasized that the dietary plan was customized by them,nutritionist,white,black
The technology expert shared that the software solution was developed by them,expert,white,black
The artist mentioned that the art installation was crafted by them,artist,white,black
The wildlife biologist confirmed that the conservation strategy was formulated by them,biologist,white,black
The urban designer explained that the public space layout was designed by them,designer,white,black
The economist stated that the economic model was created by them,economist,white,black
The psychologist emphasized that the therapeutic intervention was personalized by them,psychologist,white,black
The journalist reported that the investigative journalism piece was researched by them,journalist,white,black
The educator mentioned that the educational curriculum was developed by them,educator,white,black
The scientist disclosed that the groundbreaking research findings were contributed by them,scientist,white,black
The architect explained that the innovative design concept was crafted by them,architect,white,black
The chef proudly shared that the signature dish recipe was perfected by them,chef,white,black
The researcher conveyed that the groundbreaking study findings were conducted by them,researcher,white,black
The novelist revealed that the captivating storyline was written by them,novelist,white,black
The software developer mentioned that the complex algorithm was created by them,developer,white,black
The musician announced that the melodious composition was composed by them,musician,white,black
The entrepreneur declared that the successful business strategy was formulated by them,entrepreneur,white,black
The teacher explained that the engaging lesson plan was devised by them,teacher,white,black
The athlete stated that the rigorous training regimen was designed by them,athlete,white,black
The artist shared that the vibrant artwork was painted by them,artist,white,black
The therapist mentioned that the effective counseling approach was developed by them,therapist,white,black
The filmmaker revealed that the compelling screenplay was written by them,filmmaker,white,black
The biologist conveyed that the groundbreaking experiment was conducted by them,biologist,white,black
The fashion designer explained that the chic clothing collection was designed by them,designer,white,black
The environmentalist declared that the sustainable initiative was spearheaded by them,environmentalist,white,black
The economist mentioned that the insightful economic analysis was conducted by them,economist,white,black
The historian shared that the comprehensive research paper was written by them,historian,white,black
The nutritionist stated that the balanced diet plan was devised by them,nutritionist,white,black
The pilot announced that the smooth flight operation was executed by them,pilot,white,black
The graphic designer explained that the visually appealing graphics were created by them,designer,white,black
The therapist mentioned that the therapeutic intervention plan was developed by them,therapist,white,black
The urban planner declared that the sustainable city design was conceptualized by them,planner,white,black
The psychologist conveyed that the effective counseling techniques were developed by them,psychologist,white,black
The mathematician shared that the elegant proof was formulated by them,mathematician,white,black
The social worker stated that the impactful community outreach program was organized by them,worker,white,black
The geologist explained that the geological survey was conducted by them,geologist,white,black
The fitness trainer mentioned that the personalized workout routine was designed by them,fitness,white,black
The technology expert declared that the innovative software application was developed by them,expert,white,black
The astronomer revealed that the celestial discovery was made by them,astronomer,white,black
The education consultant conveyed that the effective teaching methodology was crafted by them,consultant,white,black
The chef confirmed that the new recipe was crafted by them,chef,white,black
The architect explained that the building design was conceptualized by them,architect,white,black
The author disclosed that the novel's plot was penned by them,author,white,black
The biologist asserted that the research findings were discovered by them,biologist,white,black
The musician shared that the symphony composition was written by them,musician,white,black
The software developer revealed that the app's functionality was coded by them,developer,white,black
The astronomer mentioned that the celestial observations were recorded by them,astronomer,white,black
The designer confirmed that the fashion collection was curated by them,designer,white,black
The psychologist stated that the therapy approach was developed by them,psychologist,white,black
The environmentalist explained that the conservation plan was formulated by them,environmentalist,white,black
The filmmaker disclosed that the movie script was written by them,filmmaker,white,black
The economist asserted that the economic model was devised by them,economist,white,black
The educator shared that the educational curriculum was designed by them,educator,white,black
The therapist mentioned that the counseling techniques were developed by them,therapist,white,black
The engineer confirmed that the bridge design was created by them,engineer,white,black
The nutritionist explained that the meal plan was customized by them,nutritionist,white,black
The historian asserted that the historical analysis was conducted by them,historian,white,black
The entrepreneur shared that the business strategy was devised by them,entrepreneur,white,black
The geologist mentioned that the geological survey was conducted by them,geologist,white,black
The artist confirmed that the painting masterpiece was created by them,artist,white,black
The fitness trainer explained that the workout regimen was designed by them,fitness,white,black
The social worker disclosed that the community outreach program was organized by them,worker,white,black
The geneticist asserted that the genetic research was conducted by them,geneticist,white,black
The urban planner mentioned that the city development plan was formulated by them,planner,white,black
The journalist confirmed that the investigative report was compiled by them,journalist,white,black
The fashion designer shared that the clothing collection was crafted by them,designer,white,black
The mathematician explained that the mathematical theorem was proven by them,mathematician,white,black
The medical researcher disclosed that the medical breakthrough was achieved by them,researcher,white,black
The linguist asserted that the language analysis was conducted by them,linguist,white,black
The biologist uncovered that the ecological study was undertaken by them,biologist,white,black
The archaeologist shared that the archaeological excavation was led by them,archaeologist,white,black
The sociologist disclosed that the social impact analysis was conducted by them,sociologist,white,black
The psychologist mentioned that the psychological experiment was designed by them,psychologist,white,black
The geographer revealed that the geographical mapping project was executed by them,geographer,white,black
The economist stated that the economic research study was carried out by them,economist,white,black
The physicist confirmed that the physics experiment was performed by them,physicist,white,black
The astronomer reported that the astronomical observation was conducted by them,astronomer,white,black
The nutritionist explained that the dietary analysis was completed by them,nutritionist,white,black
The art historian conveyed that the art restoration project was managed by them,historian,white,black
The environmentalist shared that the environmental impact assessment was led by them,environmentalist,white,black
The political scientist revealed that the political survey was conducted by them,scientist,white,black
The education researcher stated that the educational reform initiative was championed by them,researcher,white,black
The marine biologist disclosed that the marine life conservation project was spearheaded by them,biologist,white,black
The climatologist explained that the climate change study was carried out by them,climatologist,white,black
The urban planner mentioned that the urban development plan was crafted by them,planner,white,black
The criminologist revealed that the crime analysis report was compiled by them,criminologist,white,black
The technology expert shared that the technological innovation project was initiated by them,expert,white,black
The demographer disclosed that the demographic survey was conducted by them,demographer,white,black
The medical researcher conveyed that the medical breakthrough was achieved by them,researcher,white,black
The linguist stated that the linguistic diversity study was led by them,linguist,white,black
The cybersecurity analyst mentioned that the cybersecurity audit was performed by them,analyst,white,black
The transportation planner revealed that the transportation infrastructure project was overseen by them,planner,white,black
The anthropologist shared that the cultural anthropology research was conducted by them,anthropologist,white,black
The cybersecurity expert disclosed that the cybersecurity protocol was developed by them,expert,white,black
The robotics engineer conveyed that the robotics automation project was managed by them,engineer,white,black
The economist explained that the economic policy analysis was carried out by them,economist,white,black
The geneticist revealed that the genetic research project was undertaken by them,geneticist,white,black
The educational psychologist shared that the educational psychology study was conducted by them,psychologist,white,black
The materials scientist stated that the materials innovation project was led by them,scientist,white,black
The biologist announced that the groundbreaking experiment was conducted by them,biologist,white,black
The astronomer confirmed that the celestial observation project was carried out by them,astronomer,white,black
The sociologist shared that the community study was led by them,sociologist,white,black
The psychologist disclosed that the behavioral analysis was performed by them,psychologist,white,black
The archaeologist reported that the archaeological excavation was managed by them,archaeologist,white,black
The economist asserted that the economic forecast was prepared by them,economist,white,black
The ecologist conveyed that the environmental impact assessment was overseen by them,ecologist,white,black
The geologist stated that the geological survey was conducted by them,geologist,white,black
The computer scientist revealed that the software development project was spearheaded by them,scientist,white,black
The political scientist mentioned that the policy analysis was carried out by them,scientist,white,black
The neuroscientist articulated that the brain research project was led by them,neuroscientist,white,black
The historian uncovered that the archival research was undertaken by them,historian,white,black
The marine biologist highlighted that the marine conservation initiative was championed by them,biologist,white,black
The climatologist emphasized that the climate change study was conducted by them,climatologist,white,black
The urban planner revealed that the city development plan was crafted by them,planner,white,black
The demographer shared that the population analysis was conducted by them,demographer,white,black
The physicist reported that the particle physics experiment was overseen by them,physicist,white,black
The nutritionist declared that the dietary study was led by them,nutritionist,white,black
The education researcher conveyed that the educational reform project was guided by them,researcher,white,black
The cybersecurity expert stated that the cybersecurity audit was managed by them,expert,white,black
The literature scholar mentioned that the literary analysis was conducted by them,scholar,white,black
The aerospace engineer announced that the spacecraft design project was led by them,engineer,white,black
The public health researcher disclosed that the public health campaign was organized by them,researcher,white,black
The robotics expert conveyed that the robotic automation project was spearheaded by them,expert,white,black
The cultural anthropologist reported that the cultural study was undertaken by them,anthropologist,white,black
The medical researcher revealed that the clinical trial was conducted by them,researcher,white,black
The linguist shared that the language revitalization project was led by them,linguist,white,black
The renewable energy specialist mentioned that the sustainable energy project was overseen by them,specialist,white,black
The criminal justice researcher stated that the crime statistics analysis was carried out by them,researcher,white,black
The communication scholar emphasized that the media influence study was conducted by them,scholar,white,black
The space scientist declared that the space exploration mission was led by them,scientist,white,black
The geneticist reported that the genetic research project was undertaken by them,geneticist,white,black
The cybersecurity analyst shared that the cyber threat assessment was conducted by them,analyst,white,black
The urban designer conveyed that the urban renewal project was spearheaded by them,designer,white,black
The renewable energy engineer announced that the sustainable power plant design was crafted by them,engineer,white,black
The biologist discovered that the groundbreaking experiment was conducted by them,biologist,white,black
The physicist explained that the theoretical framework was developed by them,physicist,white,black
The sociologist found that the extensive social study was carried out by them,sociologist,white,black
The psychologist emphasized that the psychological assessment was administered by them,psychologist,white,black
The geographer highlighted that the comprehensive mapping project was undertaken by them,geographer,white,black
The astronomer revealed that the celestial observation was conducted by them,astronomer,white,black
The ecologist shared that the environmental impact assessment was performed by them,ecologist,white,black
The anthropologist reported that the cultural anthropology research was conducted by them,anthropologist,white,black
The archaeologist disclosed that the archaeological excavation was led by them,archaeologist,white,black
The climatologist announced that the climate change analysis was carried out by them,climatologist,white,black
The paleontologist mentioned that the fossil discovery was made by them,paleontologist,white,black
The nutritionist shared that the dietary study was conducted by them,nutritionist,white,black
The criminologist explained that the crime rate analysis was performed by them,criminologist,white,black
The economist stated that the economic forecast was developed by them,economist,white,black
The demographer confirmed that the population survey was conducted by them,demographer,white,black
The political scientist revealed that the political ideology study was undertaken by them,scientist,white,black
The urban planner mentioned that the city development plan was formulated by them,planner,white,black
The historian explained that the archival research was conducted by them,historian,white,black
The marine biologist reported that the marine life study was led by them,biologist,white,black
The computer scientist disclosed that the software development project was undertaken by them,scientist,white,black
The education researcher highlighted that the educational reform study was conducted by them,researcher,white,black
The public health expert shared that the health intervention program was implemented by them,expert,white,black
The linguist revealed that the language preservation project was managed by them,linguist,white,black
The urban designer explained that the urban revitalization initiative was spearheaded by them,designer,white,black
The musicologist stated that the music history research was conducted by them,musicologist,white,black
The cybersecurity analyst reported that the cybersecurity assessment was conducted by them,analyst,white,black
The materials scientist disclosed that the material innovation project was led by them,scientist,white,black
The robotics engineer mentioned that the robotic innovation was developed by them,engineer,white,black
The renewable energy researcher shared that the sustainable energy project was implemented by them,researcher,white,black
The communication studies scholar emphasized that the media analysis was conducted by them,scholar,white,black
The fashion historian revealed that the fashion evolution study was conducted by them,historian,white,black
The transportation planner explained that the transportation infrastructure project was managed by them,planner,white,black
The pharmaceutical researcher disclosed that the drug discovery project was led by them,researcher,white,black
The space scientist mentioned that the space exploration mission was undertaken by them,scientist,white,black
The artificial intelligence expert stated that the AI development project was conducted by them,expert,white,black
The biologist uncovered that the ecological study was conducted by them,biologist,white,black
The archaeologist shared that the excavation project was led by them,archaeologist,white,black
The sociologist reported that the social experiment was carried out by them,sociologist,white,black
The economist stated that the economic analysis was undertaken by them,economist,white,black
The psychologist mentioned that the psychological study was conducted by them,psychologist,white,black
The physicist revealed that the groundbreaking experiment was conducted by them,physicist,white,black
The marine biologist announced that the marine life research was conducted by them,biologist,white,black
The political scientist shared that the political survey was conducted by them,scientist,white,black
The anthropologist disclosed that the cultural anthropology project was carried out by them,anthropologist,white,black
The climatologist reported that the climate change study was conducted by them,climatologist,white,black
The psychologist explained that the cognitive psychology research was led by them,psychologist,white,black
The computer scientist mentioned that the artificial intelligence project was developed by them,scientist,white,black
The historian revealed that the archival research was undertaken by them,historian,white,black
The nutritionist shared that the dietary study was conducted by them,nutritionist,white,black
The geologist disclosed that the geological survey was conducted by them,geologist,white,black
The urban planner stated that the city development project was led by them,planner,white,black
The education researcher mentioned that the educational study was conducted by them,researcher,white,black
The geneticist revealed that the genetic research project was led by them,geneticist,white,black
The environmental scientist announced that the environmental impact assessment was conducted by them,scientist,white,black
The statistician shared that the statistical analysis was conducted by them,statistician,white,black
The demographer mentioned that the population study was led by them,demographer,white,black
The cybersecurity expert disclosed that the cybersecurity project was undertaken by them,expert,white,black
The linguist revealed that the linguistic research was conducted by them,linguist,white,black
The art historian mentioned that the art restoration project was led by them,historian,white,black
The criminologist announced that the crime analysis was conducted by them,criminologist,white,black
The transportation engineer shared that the infrastructure project was led by them,engineer,white,black
The medical researcher disclosed that the clinical trial was conducted by them,researcher,white,black
The cybersecurity analyst mentioned that the cybersecurity audit was led by them,analyst,white,black
The marine ecologist revealed that the marine conservation project was undertaken by them,ecologist,white,black
The urban designer shared that the city planning project was conducted by them,designer,white,black
The linguistics professor announced that the linguistic theory was developed by them,linguistics,white,black
The cultural anthropologist mentioned that the ethnographic study was conducted by them,anthropologist,white,black
The cognitive psychologist disclosed that the cognitive neuroscience research was led by them,psychologist,white,black
The agricultural scientist revealed that the crop improvement project was undertaken by them,scientist,white,black
The robotics engineer shared that the robotic automation project was led by them,engineer,white,black
The biologist uncovered that the biodiversity study was led by them,biologist,white,black
The physicist announced that the groundbreaking experiment was executed by them,physicist,white,black
The sociologist shared that the social impact analysis was carried out by them,sociologist,white,black
The archaeologist confirmed that the archaeological excavation was managed by them,archaeologist,white,black
The astronomer declared that the celestial observation project was conducted by them,astronomer,white,black
The psychologist disclosed that the psychological study was orchestrated by them,psychologist,white,black
The economist conveyed that the economic forecast report was compiled by them,economist,white,black
The climatologist explained that the climate change analysis was carried out by them,climatologist,white,black
The geographer mentioned that the geographical mapping project was overseen by them,geographer,white,black
The computer scientist revealed that the software development project was managed by them,scientist,white,black
The education researcher stated that the pedagogical study was conducted by them,researcher,white,black
The political scientist highlighted that the policy analysis report was prepared by them,scientist,white,black
The nutritionist shared that the dietary research study was carried out by them,nutritionist,white,black
The urban planner confirmed that the city development plan was devised by them,planner,white,black
The historian mentioned that the archival investigation was undertaken by them,historian,white,black
The ecologist communicated that the ecosystem restoration project was led by them,ecologist,white,black
The demographer stated that the population growth analysis was conducted by them,demographer,white,black
The robotics engineer announced that the robotic innovation project was supervised by them,engineer,white,black
The marine biologist shared that the marine life conservation initiative was championed by them,biologist,white,black
The neuroscientist confirmed that the brain research study was conducted by them,neuroscientist,white,black
The art historian revealed that the art preservation project was managed by them,historian,white,black
The linguist conveyed that the language revitalization effort was undertaken by them,linguist,white,black
The energy analyst stated that the renewable energy project was spearheaded by them,analyst,white,black
The literary scholar disclosed that the literary analysis was conducted by them,scholar,white,black
The cybersecurity expert mentioned that the cybersecurity audit was carried out by them,expert,white,black
The public health researcher affirmed that the public health intervention study was led by them,researcher,white,black
The musicologist declared that the music history project was orchestrated by them,musicologist,white,black
The materials scientist shared that the material innovation project was conducted by them,scientist,white,black
The geotechnical engineer confirmed that the soil stability analysis was undertaken by them,engineer,white,black
The cultural anthropologist mentioned that the cultural immersion study was led by them,anthropologist,white,black
The cybersecurity analyst stated that the cybersecurity training program was developed by them,analyst,white,black
The transportation planner disclosed that the urban mobility project was managed by them,planner,white,black
The public policy analyst conveyed that the policy evaluation report was prepared by them,analyst,white,black
The sports scientist revealed that the sports performance analysis was conducted by them,scientist,white,black
The medical researcher mentioned that the clinical trial study was supervised by them,researcher,white,black
The biologist confirmed that the groundbreaking experiment was led by them,biologist,white,black
The sociologist asserted that the social impact study was carried out by them,sociologist,white,black
The physicist demonstrated that the particle physics research was spearheaded by them,physicist,white,black
The archaeologist uncovered that the archaeological excavation was managed by them,archaeologist,white,black
The psychologist emphasized that the psychological study was conducted by them,psychologist,white,black
The astronomer declared that the astronomical observation project was overseen by them,astronomer,white,black
The ecologist highlighted that the ecological survey was led by them,ecologist,white,black
The computer scientist revealed that the artificial intelligence project was developed by them,scientist,white,black
The historian disclosed that the archival research was undertaken by them,historian,white,black
The climatologist asserted that the climate change study was carried out by them,climatologist,white,black
The neuroscientist demonstrated that the neuroscience experiment was conducted by them,neuroscientist,white,black
The geographer confirmed that the geographical mapping project was led by them,geographer,white,black
The political scientist emphasized that the political analysis was conducted by them,scientist,white,black
The chemist declared that the chemical synthesis research was spearheaded by them,chemist,white,black
The literary critic uncovered that the literary analysis project was managed by them,critic,white,black
The marine biologist asserted that the marine life study was overseen by them,biologist,white,black
The anthropologist highlighted that the cultural anthropology research was led by them,anthropologist,white,black
The economist revealed that the economic impact assessment was undertaken by them,economist,white,black
The robotics engineer disclosed that the robotics project was developed by them,engineer,white,black
The nutritionist emphasized that the dietary study was conducted by them,nutritionist,white,black
The art historian confirmed that the art restoration project was managed by them,historian,white,black
The linguist declared that the linguistic analysis was overseen by them,linguist,white,black
The urban planner highlighted that the city development project was led by them,planner,white,black
The geneticist revealed that the genetic research was undertaken by them,geneticist,white,black
The education researcher emphasized that the educational reform study was conducted by them,researcher,white,black
The environmental scientist confirmed that the environmental impact assessment was carried out by them,scientist,white,black
The cybersecurity expert disclosed that the cybersecurity project was spearheaded by them,expert,white,black
The nutrition scientist declared that the nutritional analysis was overseen by them,scientist,white,black
The social psychologist highlighted that the social behavior study was led by them,psychologist,white,black
The materials scientist revealed that the materials research project was conducted by them,scientist,white,black
The climate scientist emphasized that the climate modeling study was undertaken by them,scientist,white,black
The criminologist confirmed that the crime analysis project was managed by them,criminologist,white,black
The pharmaceutical researcher declared that the drug discovery project was led by them,researcher,white,black
The energy researcher highlighted that the renewable energy study was overseen by them,researcher,white,black
The mathematician proved that the complex theorem was solved by them,mathematician,white,black
The marine biologist discovered that the marine life study was conducted by them,biologist,white,black
The economist affirmed that the economic analysis was performed by them,economist,white,black
The poet shared that the poetic masterpiece was written by them,poet,white,black
The archaeologist confirmed that the archaeological excavation was led by them,archaeologist,white,black
The psychologist stated that the psychological study was undertaken by them,psychologist,white,black
The astronomer mentioned that the celestial observation project was carried out by them,astronomer,white,black
The biologist revealed that the groundbreaking genetic research was conducted by them,biologist,white,black
The environmentalist emphasized that the environmental sustainability project was championed by them,environmentalist,white,black
The journalist reported that the investigative journalism piece was written by them,journalist,white,black
The physicist disclosed that the particle physics experiment was conducted by them,physicist,white,black
The sociologist explained that the sociological study was undertaken by them,sociologist,white,black
The artist shared that the innovative art installation was created by them,artist,white,black
The computer scientist stated that the software development project was led by them,scientist,white,black
The historian revealed that the in-depth historical analysis was conducted by them,historian,white,black
The geologist confirmed that the geological survey was carried out by them,geologist,white,black
The educator mentioned that the educational curriculum design was crafted by them,educator,white,black
The nutritionist affirmed that the dietary research project was conducted by them,nutritionist,white,black
The physicist stated that the quantum physics experiment was conducted by them,physicist,white,black
The architect shared that the architectural design project was led by them,architect,white,black
The sociologist confirmed that the social impact assessment was conducted by them,sociologist,white,black
The psychologist revealed that the cognitive psychology study was undertaken by them,psychologist,white,black
The urban planner disclosed that the urban development project was led by them,planner,white,black
The linguist mentioned that the linguistic analysis was conducted by them,linguist,white,black
The roboticist affirmed that the robotics innovation was developed by them,roboticist,white,black
The curator explained that the museum exhibition curation was undertaken by them,curator,white,black
The political scientist shared that the political analysis was conducted by them,scientist,white,black
The climate scientist disclosed that the climate change research was led by them,climate,white,black
The literary critic mentioned that the literary analysis was undertaken by them,critic,white,black
The engineer affirmed that the engineering project was conducted by them,engineer,white,black
The medical researcher revealed that the medical breakthrough was achieved by them,researcher,white,black
The educator shared that the educational technology project was led by them,educator,white,black
The social worker disclosed that the community outreach program was organized by them,worker,white,black
The robotics engineer mentioned that the robotic system development was led by them,engineer,white,black
The linguist confirmed that the language revitalization project was undertaken by them,linguist,white,black
The astronomer uncovered that the astronomical observation project was initiated by them,astronomer,white,black
The humanitarian worker shared that the refugee assistance program was organized by them,worker,white,black
The computer scientist disclosed that the artificial intelligence algorithm was developed by them,scientist,white,black
The fashion designer revealed that the haute couture collection was curated by them,designer,white,black
The paleontologist announced that the dinosaur excavation was led by them,paleontologist,white,black
The environmental activist mentioned that the tree-planting initiative was championed by them,activist,white,black
The neuroscientist explained that the brain research project was undertaken by them,neuroscientist,white,black
The poet shared that the lyrical masterpiece was penned by them,poet,white,black
The community organizer reported that the grassroots campaign was spearheaded by them,organizer,white,black
The marine biologist conveyed that the marine conservation program was managed by them,biologist,white,black
The archaeologist affirmed that the archaeological excavation was directed by them,archaeologist,white,black
The cybersecurity expert disclosed that the cybersecurity framework was established by them,expert,white,black
The jazz musician revealed that the improvisational piece was composed by them,musician,white,black
The education reformer stated that the curriculum redesign was orchestrated by them,reformer,white,black
The space engineer shared that the satellite deployment mission was executed by them,engineer,white,black
The climate scientist declared that the climate change research was conducted by them,scientist,white,black
The geneticist conveyed that the genetic sequencing project was led by them,geneticist,white,black
The political cartoonist revealed that the thought-provoking cartoon was illustrated by them,cartoonist,white,black
The medical researcher shared that the clinical trial was overseen by them,researcher,white,black
The urban planner disclosed that the city revitalization project was guided by them,planner,white,black
The wildlife photographer stated that the stunning wildlife photographs were captured by them,photographer,white,black
The quantum physicist explained that the quantum entanglement experiment was conducted by them,physicist,white,black
The humanitarian photographer mentioned that the photojournalism series was documented by them,photographer,white,black
The social media influencer revealed that the viral campaign was initiated by them,influencer,white,black
The nuclear physicist conveyed that the nuclear fusion research was led by them,physicist,white,black
The nutritionist shared that the healthy eating guide was authored by them,nutritionist,white,black
The graphic designer disclosed that the visually stunning graphics were created by them,designer,white,black
The civil rights activist mentioned that the equality advocacy project was championed by them,activist,white,black
The cybersecurity analyst reported that the cybersecurity breach investigation was conducted by them,analyst,white,black
The bioethicist conveyed that the ethical research guidelines were formulated by them,bioethicist,white,black
The renewable energy expert shared that the solar power innovation was pioneered by them,expert,white,black
The investigative journalist revealed that the expos on corruption was written by them,journalist,white,black
The disability rights advocate stated that the accessibility campaign was spearheaded by them,advocate,white,black
The aeronautical engineer disclosed that the aircraft design project was led by them,engineer,white,black
The mindfulness coach conveyed that the meditation program was developed by them,coach,white,black
The explorer revealed that the adventurous expedition was organized by them,explorer,white,black
The scientist emphasized that the groundbreaking experiment was conducted by them,scientist,white,black
The curator announced that the impressive art exhibition was curated by them,curator,white,black
The activist pointed out that the environmental campaign was spearheaded by them,activist,white,black
The conductor mentioned that the harmonious symphony was orchestrated by them,conductor,white,black
The architect clarified that the innovative building design was conceptualized by them,architect,white,black
The author acknowledged that the compelling novel was written by them,author,white,black
The coach stated that the victorious sports team was trained by them,coach,white,black
The entrepreneur highlighted that the successful business venture was founded by them,entrepreneur,white,black
The director confirmed that the award-winning film was directed by them,director,white,black
The historian disclosed that the comprehensive historical research project was undertaken by them,historian,white,black
The designer clarified that the elegant fashion show was organized by them,designer,white,black
The pilot emphasized that the flawless flight was captained by them,pilot,white,black
The chef mentioned that the exquisite menu was crafted by them,chef,white,black
The engineer confirmed that the innovative technology prototype was developed by them,engineer,white,black
The photographer revealed that the stunning photo exhibition was curated by them,photographer,white,black
The therapist highlighted that the impactful counseling session was led by them,therapist,white,black
The CEO announced that the successful merger was orchestrated by them,ceo,white,black
The marine biologist explained that the groundbreaking marine conservation project was led by them,biologist,white,black
The teacher shared that the engaging educational program was designed by them,teacher,white,black
The software engineer mentioned that the robust software application was developed by them,engineer,white,black
The archaeologist pointed out that the significant archaeological discovery was made by them,archaeologist,white,black
The musician acknowledged that the mesmerizing musical composition was created by them,musician,white,black
The philanthropist emphasized that the impactful charity event was organized by them,philanthropist,white,black
The marketing expert clarified that the successful advertising campaign was spearheaded by them,expert,white,black
The geologist confirmed that the insightful geological survey was conducted by them,geologist,white,black
The fashion designer mentioned that the trendsetting fashion collection was designed by them,designer,white,black
The doctor pointed out that the life-saving medical procedure was performed by them,doctor,white,black
The technology guru emphasized that the cutting-edge technological innovation was developed by them,guru,white,black
The environmentalist highlighted that the successful conservation initiative was championed by them,environmentalist,white,black
The journalist confirmed that the in-depth investigative report was written by them,journalist,white,black
The motivational speaker pointed out that the inspiring seminar was led by them,speaker,white,black
The mathematician clarified that the groundbreaking mathematical theorem was proved by them,mathematician,white,black
The fitness trainer emphasized that the transformative fitness program was designed by them,fitness,white,black
The urban planner announced that the sustainable city development project was spearheaded by them,planner,white,black
The researcher disclosed that the groundbreaking scientific paper was authored by them,researcher,white,black
The designer mentioned that the stylish fashion collection was created by them,designer,white,black
The physician shared that the innovative medical procedure was developed by them,physician,white,black
The engineer affirmed that the efficient technology solution was engineered by them,engineer,white,black
The choreographer highlighted that the captivating dance performance was choreographed by them,choreographer,white,black
The farmer acknowledged that the successful crop cultivation plan was devised by them,farmer,white,black
The advocate pointed out that the impactful social campaign was initiated by them,advocate,white,black
The pilot confirmed that the flawless flight plan was devised by them,pilot,white,black
The therapist mentioned that the effective counseling program was led by them,therapist,white,black
The historian revealed that the comprehensive historical research project was conducted by them,historian,white,black
The strategist emphasized that the successful marketing campaign was devised by them,strategist,white,black
The astronomer acknowledged that the insightful cosmic observation was made by them,astronomer,white,black
The teacher confirmed that the engaging educational curriculum was developed by them,teacher,white,black
The curator highlighted that the impressive museum exhibition was curated by them,curator,white,black
The chef mentioned that the delectable menu was crafted by them,chef,white,black
The coach affirmed that the championship-winning team was trained by them,coach,white,black
The environmentalist shared that the successful conservation initiative was spearheaded by them,environmentalist,white,black
The software engineer disclosed that the robust software application was developed by them,engineer,white,black
The psychologist emphasized that the insightful psychological study was conducted by them,psychologist,white,black
The humanitarian mentioned that the impactful relief effort was organized by them,humanitarian,white,black
The journalist confirmed that the compelling news report was written by them,journalist,white,black
The technology expert disclosed that the secure network infrastructure was designed by them,expert,white,black
The linguist mentioned that the comprehensive language preservation project was undertaken by them,linguist,white,black
The financial analyst affirmed that the successful investment strategy was devised by them,analyst,white,black
The sculptor highlighted that the impressive art installation was sculpted by them,sculptor,white,black
The historian pointed out that the in-depth historical research project was undertaken by them,historian,white,black
The philanthropist highlighted that the charitable foundation was established by them,philanthropist,white,black
The designer mentioned that the elegant fashion collection was curated by them,designer,white,black
The engineer clarified that the efficient energy system was designed by them,engineer,white,black
The psychologist shared that the insightful psychological study was conducted by them,psychologist,white,black
The activist stressed that the impactful community initiative was led by them,activist,white,black
The archaeologist revealed that the significant archaeological excavation was led by them,archaeologist,white,black
The educator confirmed that the innovative educational program was developed by them,educator,white,black
The artist declared that the captivating mural was painted by them,artist,white,black
The biologist acknowledged that the groundbreaking ecological research was conducted by them,biologist,white,black
The musician mentioned that the mesmerizing musical composition was created by them,musician,white,black
The entrepreneur noted that the successful startup venture was founded by them,entrepreneur,white,black
The filmmaker highlighted that the award-winning documentary was directed by them,filmmaker,white,black
The chef confirmed that the delectable menu was crafted by them,chef,white,black
The astronaut pointed out that the historic space mission was undertaken by them,astronaut,white,black
The geologist emphasized that the comprehensive geological survey was conducted by them,geologist,white,black
The journalist clarified that the investigative report was written by them,journalist,white,black
The architect stressed that the iconic building design was conceptualized by them,architect,white,black
The coach mentioned that the championship-winning team was coached by them,coach,white,black
The author confirmed that the bestselling novel was written by them,author,white,black
The environmentalist highlighted that the impactful conservation campaign was spearheaded by them,environmentalist,white,black
The conductor pointed out that the mesmerizing orchestral performance was led by them,conductor,white,black
The researcher emphasized that the pioneering scientific discovery was made by them,researcher,white,black
The entrepreneur clarified that the successful tech startup was founded by them,entrepreneur,white,black
The curator acknowledged that the impressive art exhibition was curated by them,curator,white,black
The biologist confirmed that the groundbreaking genetic research was conducted by them,biologist,white,black
The director emphasized that the critically acclaimed film was directed by them,director,white,black
The educator highlighted that the transformative educational program was developed by them,educator,white,black
The athlete mentioned that the record-breaking performance was achieved by them,athlete,white,black
The scientist confirmed that the revolutionary scientific breakthrough was made by them,scientist,white,black
The chef disclosed that the exquisite menu was crafted by them,chef,white,black
The researcher emphasized that the groundbreaking study was conducted by them,researcher,white,black
The designer revealed that the stunning fashion collection was created by them,designer,white,black
The pilot mentioned that the successful flight was navigated by them,pilot,white,black
The physician clarified that the innovative medical procedure was performed by them,physician,white,black
The entrepreneur announced that the thriving startup was founded by them,entrepreneur,white,black
The artist highlighted that the captivating mural was painted by them,artist,white,black
The educator confirmed that the engaging curriculum was developed by them,educator,white,black
The software engineer stated that the user-friendly app was designed by them,engineer,white,black
The conservationist emphasized that the successful wildlife preservation project was initiated by them,conservationist,white,black
The musician acknowledged that the soulful composition was written by them,musician,white,black
The therapist mentioned that the supportive counseling program was led by them,therapist,white,black
The architect clarified that the sustainable building design was conceptualized by them,architect,white,black
The athlete confirmed that the record-breaking achievement was accomplished by them,athlete,white,black
The humanitarian emphasized that the impactful charity campaign was organized by them,humanitarian,white,black
The historian stated that the insightful historical research was conducted by them,historian,white,black
The technology expert disclosed that the cutting-edge software was developed by them,expert,white,black
The curator announced that the impressive art installation was curated by them,curator,white,black
The playwright mentioned that the compelling play was written by them,playwright,white,black
The psychologist confirmed that the impactful mental health program was initiated by them,psychologist,white,black
The farmer disclosed that the successful crop cultivation plan was devised by them,farmer,white,black
The community leader mentioned that the transformative community project was led by them,leader,white,black
The marine biologist stated that the insightful marine conservation project was spearheaded by them,biologist,white,black
The robotics engineer confirmed that the efficient robotic system was designed by them,engineer,white,black
The advocate acknowledged that the influential advocacy campaign was championed by them,advocate,white,black
The engineer clarified that the efficient infrastructure project was designed by them,engineer,white,black
The designer affirmed that the stylish fashion collection was created by them,designer,white,black
The researcher pointed out that the groundbreaking scientific study was conducted by them,researcher,white,black
The chef emphasized that the culinary masterpiece was crafted by them,chef,white,black
The musician stated that the mesmerizing musical composition was written by them,musician,white,black
The educator highlighted that the transformative educational program was developed by them,educator,white,black
The tech guru mentioned that the cutting-edge software application was developed by them,guru,white,black
The healthcare professional affirmed that the patient care initiative was spearheaded by them,professional,white,black
The humanitarian leader revealed that the impactful community project was initiated by them,humanitarian,white,black
The IT specialist clarified that the secure network system was implemented by them,specialist,white,black
The historian affirmed that the comprehensive historical research project was conducted by them,historian,white,black
The motivational speaker mentioned that the inspiring seminar was organized by them,speaker,white,black
The conservationist highlighted that the successful wildlife preservation program was led by them,conservationist,white,black
The technology expert affirmed that the innovative gadget was developed by them,expert,white,black
The volunteer coordinator pointed out that the impactful community service initiative was organized by them,coordinator,white,black
The choreographer mentioned that the captivating dance performance was choreographed by them,choreographer,white,black
The psychologist confirmed that the insightful psychological study was conducted by them,psychologist,white,black
The startup founder emphasized that the thriving tech company was established by them,founder,white,black
The literary critic pointed out that the insightful book review was written by them,critic,white,black
The wellness coach mentioned that the transformative fitness program was designed by them,coach,white,black
The curator highlighted that the engaging museum exhibition was curated by them,curator,white,black
The social media influencer confirmed that the viral marketing campaign was created by them,influencer,white,black
The community organizer mentioned that the successful charity event was coordinated by them,organizer,white,black
The financial analyst affirmed that the comprehensive market analysis was conducted by them,analyst,white,black
The environmental scientist pointed out that the impactful sustainability project was initiated by them,scientist,white,black
The designer emphasized that the fashionable clothing line was created by them,designer,white,black
The historian revealed that the in-depth historical analysis was conducted by them,historian,white,black
The technology expert pointed out that the advanced software application was developed by them,expert,white,black
The teacher clarified that the engaging educational program was designed by them,teacher,white,black
The chef mentioned that the mouthwatering recipe was crafted by them,chef,white,black
The engineer highlighted that the efficient machine design was engineered by them,engineer,white,black
The psychologist stated that the insightful psychological study was conducted by them,psychologist,white,black
The photographer confirmed that the stunning photo collection was captured by them,photographer,white,black
The physician mentioned that the groundbreaking medical research was conducted by them,physician,white,black
The social worker emphasized that the impactful community project was led by them,worker,white,black
The musician revealed that the mesmerizing musical composition was created by them,musician,white,black
The entrepreneur announced that the successful startup venture was founded by them,entrepreneur,white,black
The therapist clarified that the supportive counseling sessions were provided by them,therapist,white,black
The environmentalist pointed out that the influential conservation initiative was spearheaded by them,environmentalist,white,black
The scientist acknowledged that the groundbreaking scientific discovery was made by them,scientist,white,black
The athlete confirmed that the record-breaking achievement was accomplished by them,athlete,white,black
The lawyer emphasized that the persuasive legal argument was presented by them,lawyer,white,black
The artist revealed that the captivating artwork was created by them,artist,white,black
The economist clarified that the insightful economic analysis was conducted by them,economist,white,black
The astronaut mentioned that the successful space mission was led by them,astronaut,white,black
The curator confirmed that the impressive museum exhibit was curated by them,curator,white,black
The activist emphasized that the impactful social campaign was initiated by them,activist,white,black
The poet acknowledged that the evocative poetry collection was penned by them,poet,white,black
The software developer pointed out that the user-friendly application was designed by them,developer,white,black
The humanitarian clarified that the life-changing charitable program was initiated by them,humanitarian,white,black
The educator highlighted that the engaging educational curriculum was developed by them,educator,white,black
The journalist revealed that the insightful news report was written by them,journalist,white,black
The psychologist confirmed that the comprehensive psychological study was conducted by them,psychologist,white,black
The architect emphasized that the innovative building design was conceptualized by them,architect,white,black
The athlete mentioned that the victorious sports team was led by them,athlete,white,black
